,train_scalers,train2_scalers
playtime,"(0, 642773)","(0, 642773)"
playtime_log,"(0.0, 13.373548463987625)","(0.0, 13.373548463987625)"
recent_playtime_log,"(0.0, 9.901886271169154)","(0.0, 9.901886271169154)"
